P,urn:nasa:pds:gbo.ast.primass-l.spectra:data:primassl_visible_spectral_data_collection_csv::1.0
P,urn:nasa:pds:gbo.ast.primass-l.spectra:data:primassl_visible_spectral_parameters_csv::1.0
P,urn:nasa:pds:gbo.ast.primass-l.spectra:data:solar_analog_stars_legend_csv::1.0
P,urn:nasa:pds:gbo.ast.primass-l.spectra:data:spectra_cybele_000225_vis_tab::1.0
P,urn:nasa:pds:gbo.ast.primass-l.spectra:data:spectra_cybele_000229_vis_tab::1.0
P,urn:nasa:pds:gbo.ast.primass-l.spectra:data:spectra_cybele_000401_vis_tab::1.0
P,urn:nasa:pds:gbo.ast.primass-l.spectra:data:spectra_cybele_000528_vis_tab::1.0
P,urn:nasa:pds:gbo.ast.primass-l.spectra:data:spectra_cybele_000790_vis_tab::1.0
P,urn:nasa:pds:gbo.ast.primass-l.spectra:data:spectra_cybele_000909_vis_tab::1.0
P,urn:nasa:pds:gbo.ast.primass-l.spectra:data:spectra_cybele_000940_vis_tab::1.0
P,urn:nasa:pds:gbo.ast.primass-l.spectra:data:spectra_cybele_001177_vis_tab::1.0
P,urn:nasa:pds:gbo.ast.primass-l.spectra:data:spectra_cybele_001280_vis_tab::1.0
P,urn:nasa:pds:gbo.ast.primass-l.spectra:data:spectra_cybele_006039_vis_tab::1.0
P,urn:nasa:pds:gbo.ast.primass-l.spectra:data:spectra_hilda_000334_vis_tab::1.0
P,urn:nasa:pds:gbo.ast.primass-l.spectra:data:spectra_hilda_001144_vis_tab::1.0
P,urn:nasa:pds:gbo.ast.primass-l.spectra:data:spectra_hilda_001269_vis_tab::1.0
P,urn:nasa:pds:gbo.ast.primass-l.spectra:data:spectra_hilda_001439_vis_tab::1.0
P,urn:nasa:pds:gbo.ast.primass-l.spectra:data:spectra_hilda_001902_vis_tab::1.0
P,urn:nasa:pds:gbo.ast.primass-l.spectra:data:spectra_hilda_003202_vis_tab::1.0
P,urn:nasa:pds:gbo.ast.primass-l.spectra:data:spectra_hilda_003577_vis_tab::1.0
P,urn:nasa:pds:gbo.ast.primass-l.spectra:data:spectra_hilda_003843_vis_tab::1.0
P,urn:nasa:pds:gbo.ast.primass-l.spectra:data:spectra_hilda_007394_vis_tab::1.0
P,urn:nasa:pds:gbo.ast.primass-l.spectra:data:spectra_inner_chaldaea_000313_vis_tab::1.0
P,urn:nasa:pds:gbo.ast.primass-l.spectra:data:spectra_inner_chaldaea_001386_vis_tab::1.0
P,urn:nasa:pds:gbo.ast.primass-l.spectra:data:spectra_inner_chaldaea_005333_vis_tab::1.0
P,urn:nasa:pds:gbo.ast.primass-l.spectra:data:spectra_inner_chaldaea_007030_vis_tab::1.0
P,urn:nasa:pds:gbo.ast.primass-l.spectra:data:spectra_inner_chaldaea_008106_vis_tab::1.0
P,urn:nasa:pds:gbo.ast.primass-l.spectra:data:spectra_inner_chaldaea_026121_vis_tab::1.0
P,urn:nasa:pds:gbo.ast.primass-l.spectra:data:spectra_inner_chaldaea_029623_vis_tab::1.0
P,urn:nasa:pds:gbo.ast.primass-l.spectra:data:spectra_inner_chaldaea_033913_vis_tab::1.0
P,urn:nasa:pds:gbo.ast.primass-l.spectra:data:spectra_inner_chaldaea_034487_vis_tab::1.0
P,urn:nasa:pds:gbo.ast.primass-l.spectra:data:spectra_inner_chaldaea_035358_vis_tab::1.0
P,urn:nasa:pds:gbo.ast.primass-l.spectra:data:spectra_inner_chaldaea_095018_vis_tab::1.0
P,urn:nasa:pds:gbo.ast.primass-l.spectra:data:spectra_inner_chaldaea_120548_vis_tab::1.0
P,urn:nasa:pds:gbo.ast.primass-l.spectra:data:spectra_inner_chaldaea_132509_vis_tab::1.0
P,urn:nasa:pds:gbo.ast.primass-l.spectra:data:spectra_inner_chaldaea_332038_vis_tab::1.0
P,urn:nasa:pds:gbo.ast.primass-l.spectra:data:spectra_inner_chaldaea_334314_vis_tab::1.0
P,urn:nasa:pds:gbo.ast.primass-l.spectra:data:spectra_inner_chimaera_000623_vis_tab::1.0
P,urn:nasa:pds:gbo.ast.primass-l.spectra:data:spectra_inner_chimaera_002642_vis_tab::1.0
P,urn:nasa:pds:gbo.ast.primass-l.spectra:data:spectra_inner_chimaera_024048_vis_tab::1.0
P,urn:nasa:pds:gbo.ast.primass-l.spectra:data:spectra_inner_chimaera_042431_vis_tab::1.0
P,urn:nasa:pds:gbo.ast.primass-l.spectra:data:spectra_inner_chimaera_045892_vis_tab::1.0
P,urn:nasa:pds:gbo.ast.primass-l.spectra:data:spectra_inner_chimaera_061309_vis_tab::1.0
P,urn:nasa:pds:gbo.ast.primass-l.spectra:data:spectra_inner_chimaera_071966_vis_tab::1.0
P,urn:nasa:pds:gbo.ast.primass-l.spectra:data:spectra_inner_chimaera_085626_vis_tab::1.0
P,urn:nasa:pds:gbo.ast.primass-l.spectra:data:spectra_inner_chimaera_096918_vis_tab::1.0
P,urn:nasa:pds:gbo.ast.primass-l.spectra:data:spectra_inner_chimaera_098246_vis_tab::1.0
P,urn:nasa:pds:gbo.ast.primass-l.spectra:data:spectra_inner_chimaera_107032_vis_tab::1.0
P,urn:nasa:pds:gbo.ast.primass-l.spectra:data:spectra_inner_chimaera_112308_vis_tab::1.0
P,urn:nasa:pds:gbo.ast.primass-l.spectra:data:spectra_inner_chimaera_117745_vis_tab::1.0
P,urn:nasa:pds:gbo.ast.primass-l.spectra:data:spectra_inner_chimaera_122596_vis_tab::1.0
P,urn:nasa:pds:gbo.ast.primass-l.spectra:data:spectra_inner_chimaera_131119_vis_tab::1.0
P,urn:nasa:pds:gbo.ast.primass-l.spectra:data:spectra_inner_chimaera_142282_vis_tab::1.0
P,urn:nasa:pds:gbo.ast.primass-l.spectra:data:spectra_inner_chimaera_169633_vis_tab::1.0
P,urn:nasa:pds:gbo.ast.primass-l.spectra:data:spectra_inner_chimaera_174120_vis_tab::1.0
P,urn:nasa:pds:gbo.ast.primass-l.spectra:data:spectra_inner_chimaera_175194_vis_tab::1.0
P,urn:nasa:pds:gbo.ast.primass-l.spectra:data:spectra_inner_chimaera_212417_vis_tab::1.0
P,urn:nasa:pds:gbo.ast.primass-l.spectra:data:spectra_inner_clarissa_000302_vis_tab::1.0
P,urn:nasa:pds:gbo.ast.primass-l.spectra:data:spectra_inner_clarissa_036286_vis_tab::1.0
P,urn:nasa:pds:gbo.ast.primass-l.spectra:data:spectra_inner_clarissa_041746_vis_tab::1.0
P,urn:nasa:pds:gbo.ast.primass-l.spectra:data:spectra_inner_clarissa_078921_vis_tab::1.0
P,urn:nasa:pds:gbo.ast.primass-l.spectra:data:spectra_inner_clarissa_092634_vis_tab::1.0
P,urn:nasa:pds:gbo.ast.primass-l.spectra:data:spectra_inner_clarissa_098178_vis_tab::1.0
P,urn:nasa:pds:gbo.ast.primass-l.spectra:data:spectra_inner_clarissa_099691_vis_tab::1.0
P,urn:nasa:pds:gbo.ast.primass-l.spectra:data:spectra_inner_clarissa_106918_vis_tab::1.0
P,urn:nasa:pds:gbo.ast.primass-l.spectra:data:spectra_inner_clarissa_106919_vis_tab::1.0
P,urn:nasa:pds:gbo.ast.primass-l.spectra:data:spectra_inner_clarissa_112414_vis_tab::1.0
P,urn:nasa:pds:gbo.ast.primass-l.spectra:data:spectra_inner_clarissa_132248_vis_tab::1.0
P,urn:nasa:pds:gbo.ast.primass-l.spectra:data:spectra_inner_clarissa_142751_vis_tab::1.0
P,urn:nasa:pds:gbo.ast.primass-l.spectra:data:spectra_inner_clarissa_168936_vis_tab::1.0
P,urn:nasa:pds:gbo.ast.primass-l.spectra:data:spectra_inner_clarissa_171027_vis_tab::1.0
P,urn:nasa:pds:gbo.ast.primass-l.spectra:data:spectra_inner_clarissa_172478_vis_tab::1.0
P,urn:nasa:pds:gbo.ast.primass-l.spectra:data:spectra_inner_clarissa_173657_vis_tab::1.0
P,urn:nasa:pds:gbo.ast.primass-l.spectra:data:spectra_inner_clarissa_180349_vis_tab::1.0
P,urn:nasa:pds:gbo.ast.primass-l.spectra:data:spectra_inner_clarissa_183911_vis_tab::1.0
P,urn:nasa:pds:gbo.ast.primass-l.spectra:data:spectra_inner_clarissa_186530_vis_tab::1.0
P,urn:nasa:pds:gbo.ast.primass-l.spectra:data:spectra_inner_clarissa_203620_vis_tab::1.0
P,urn:nasa:pds:gbo.ast.primass-l.spectra:data:spectra_inner_clarissa_206344_vis_tab::1.0
P,urn:nasa:pds:gbo.ast.primass-l.spectra:data:spectra_inner_clarissa_208724_vis_tab::1.0
P,urn:nasa:pds:gbo.ast.primass-l.spectra:data:spectra_inner_clarissa_217593_vis_tab::1.0
P,urn:nasa:pds:gbo.ast.primass-l.spectra:data:spectra_inner_clarissa_237295_vis_tab::1.0
P,urn:nasa:pds:gbo.ast.primass-l.spectra:data:spectra_inner_clarissa_238992_vis_tab::1.0
P,urn:nasa:pds:gbo.ast.primass-l.spectra:data:spectra_inner_clarissa_242858_vis_tab::1.0
P,urn:nasa:pds:gbo.ast.primass-l.spectra:data:spectra_inner_clarissa_246226_vis_tab::1.0
P,urn:nasa:pds:gbo.ast.primass-l.spectra:data:spectra_inner_clarissa_249427_vis_tab::1.0
P,urn:nasa:pds:gbo.ast.primass-l.spectra:data:spectra_inner_clarissa_255959_vis_tab::1.0
P,urn:nasa:pds:gbo.ast.primass-l.spectra:data:spectra_inner_clarissa_300289_vis_tab::1.0
P,urn:nasa:pds:gbo.ast.primass-l.spectra:data:spectra_inner_clarissa_304858_vis_tab::1.0
P,urn:nasa:pds:gbo.ast.primass-l.spectra:data:spectra_inner_clarissa_320575_vis_tab::1.0
P,urn:nasa:pds:gbo.ast.primass-l.spectra:data:spectra_inner_clarissa_325852_vis_tab::1.0
P,urn:nasa:pds:gbo.ast.primass-l.spectra:data:spectra_inner_erigone_010992_vis_tab::1.0
P,urn:nasa:pds:gbo.ast.primass-l.spectra:data:spectra_inner_erigone_011856_vis_tab::1.0
P,urn:nasa:pds:gbo.ast.primass-l.spectra:data:spectra_inner_erigone_018759_vis_tab::1.0
P,urn:nasa:pds:gbo.ast.primass-l.spectra:data:spectra_inner_erigone_019415_vis_tab::1.0
P,urn:nasa:pds:gbo.ast.primass-l.spectra:data:spectra_inner_erigone_020992_vis_tab::1.0
P,urn:nasa:pds:gbo.ast.primass-l.spectra:data:spectra_inner_erigone_023397_vis_tab::1.0
P,urn:nasa:pds:gbo.ast.primass-l.spectra:data:spectra_inner_erigone_024037_vis_tab::1.0
P,urn:nasa:pds:gbo.ast.primass-l.spectra:data:spectra_inner_erigone_025381_vis_tab::1.0
P,urn:nasa:pds:gbo.ast.primass-l.spectra:data:spectra_inner_erigone_037437_vis_tab::1.0
P,urn:nasa:pds:gbo.ast.primass-l.spectra:data:spectra_inner_erigone_038106_vis_tab::1.0
P,urn:nasa:pds:gbo.ast.primass-l.spectra:data:spectra_inner_erigone_038173_vis_tab::1.0
P,urn:nasa:pds:gbo.ast.primass-l.spectra:data:spectra_inner_erigone_038661_vis_tab::1.0
P,urn:nasa:pds:gbo.ast.primass-l.spectra:data:spectra_inner_erigone_039694_vis_tab::1.0
P,urn:nasa:pds:gbo.ast.primass-l.spectra:data:spectra_inner_erigone_039895_vis_tab::1.0
P,urn:nasa:pds:gbo.ast.primass-l.spectra:data:spectra_inner_erigone_042155_vis_tab::1.0
P,urn:nasa:pds:gbo.ast.primass-l.spectra:data:spectra_inner_erigone_042552_vis_tab::1.0
P,urn:nasa:pds:gbo.ast.primass-l.spectra:data:spectra_inner_erigone_044766_vis_tab::1.0
P,urn:nasa:pds:gbo.ast.primass-l.spectra:data:spectra_inner_erigone_044942_vis_tab::1.0
P,urn:nasa:pds:gbo.ast.primass-l.spectra:data:spectra_inner_erigone_045357_vis_tab::1.0
P,urn:nasa:pds:gbo.ast.primass-l.spectra:data:spectra_inner_erigone_049731_vis_tab::1.0
P,urn:nasa:pds:gbo.ast.primass-l.spectra:data:spectra_inner_erigone_049859_vis_tab::1.0
P,urn:nasa:pds:gbo.ast.primass-l.spectra:data:spectra_inner_erigone_050068_vis_tab::1.0
P,urn:nasa:pds:gbo.ast.primass-l.spectra:data:spectra_inner_erigone_052870_vis_tab::1.0
P,urn:nasa:pds:gbo.ast.primass-l.spectra:data:spectra_inner_erigone_052891_vis_tab::1.0
P,urn:nasa:pds:gbo.ast.primass-l.spectra:data:spectra_inner_erigone_056349_vis_tab::1.0
P,urn:nasa:pds:gbo.ast.primass-l.spectra:data:spectra_inner_erigone_065354_vis_tab::1.0
P,urn:nasa:pds:gbo.ast.primass-l.spectra:data:spectra_inner_erigone_066309_vis_tab::1.0
P,urn:nasa:pds:gbo.ast.primass-l.spectra:data:spectra_inner_erigone_066325_vis_tab::1.0
P,urn:nasa:pds:gbo.ast.primass-l.spectra:data:spectra_inner_erigone_066403_vis_tab::1.0
P,urn:nasa:pds:gbo.ast.primass-l.spectra:data:spectra_inner_erigone_067891_vis_tab::1.0
P,urn:nasa:pds:gbo.ast.primass-l.spectra:data:spectra_inner_erigone_067918_vis_tab::1.0
P,urn:nasa:pds:gbo.ast.primass-l.spectra:data:spectra_inner_erigone_067940_vis_tab::1.0
P,urn:nasa:pds:gbo.ast.primass-l.spectra:data:spectra_inner_erigone_068114_vis_tab::1.0
P,urn:nasa:pds:gbo.ast.primass-l.spectra:data:spectra_inner_erigone_068685_vis_tab::1.0
P,urn:nasa:pds:gbo.ast.primass-l.spectra:data:spectra_inner_erigone_069266_vis_tab::1.0
P,urn:nasa:pds:gbo.ast.primass-l.spectra:data:spectra_inner_erigone_069706_vis_tab::1.0
P,urn:nasa:pds:gbo.ast.primass-l.spectra:data:spectra_inner_erigone_070312_vis_tab::1.0
P,urn:nasa:pds:gbo.ast.primass-l.spectra:data:spectra_inner_erigone_070361_vis_tab::1.0
P,urn:nasa:pds:gbo.ast.primass-l.spectra:data:spectra_inner_erigone_070427_vis_tab::1.0
P,urn:nasa:pds:gbo.ast.primass-l.spectra:data:spectra_inner_erigone_070511_vis_tab::1.0
P,urn:nasa:pds:gbo.ast.primass-l.spectra:data:spectra_inner_erigone_071932_vis_tab::1.0
P,urn:nasa:pds:gbo.ast.primass-l.spectra:data:spectra_inner_erigone_072047_vis_tab::1.0
P,urn:nasa:pds:gbo.ast.primass-l.spectra:data:spectra_inner_erigone_072143_vis_tab::1.0
P,urn:nasa:pds:gbo.ast.primass-l.spectra:data:spectra_inner_erigone_072230_vis_tab::1.0
P,urn:nasa:pds:gbo.ast.primass-l.spectra:data:spectra_inner_erigone_072292_vis_tab::1.0
P,urn:nasa:pds:gbo.ast.primass-l.spectra:data:spectra_inner_erigone_072308_vis_tab::1.0
P,urn:nasa:pds:gbo.ast.primass-l.spectra:data:spectra_inner_erigone_072384_vis_tab::1.0
P,urn:nasa:pds:gbo.ast.primass-l.spectra:data:spectra_inner_erigone_072941_vis_tab::1.0
P,urn:nasa:pds:gbo.ast.primass-l.spectra:data:spectra_inner_erigone_073860_vis_tab::1.0
P,urn:nasa:pds:gbo.ast.primass-l.spectra:data:spectra_inner_erigone_074755_vis_tab::1.0
P,urn:nasa:pds:gbo.ast.primass-l.spectra:data:spectra_inner_erigone_074962_vis_tab::1.0
P,urn:nasa:pds:gbo.ast.primass-l.spectra:data:spectra_inner_erigone_075089_vis_tab::1.0
P,urn:nasa:pds:gbo.ast.primass-l.spectra:data:spectra_inner_erigone_076922_vis_tab::1.0
P,urn:nasa:pds:gbo.ast.primass-l.spectra:data:spectra_inner_erigone_077421_vis_tab::1.0
P,urn:nasa:pds:gbo.ast.primass-l.spectra:data:spectra_inner_erigone_078069_vis_tab::1.0
P,urn:nasa:pds:gbo.ast.primass-l.spectra:data:spectra_inner_erigone_078826_vis_tab::1.0
P,urn:nasa:pds:gbo.ast.primass-l.spectra:data:spectra_inner_erigone_078889_vis_tab::1.0
P,urn:nasa:pds:gbo.ast.primass-l.spectra:data:spectra_inner_erigone_079044_vis_tab::1.0
P,urn:nasa:pds:gbo.ast.primass-l.spectra:data:spectra_inner_erigone_085727_vis_tab::1.0
P,urn:nasa:pds:gbo.ast.primass-l.spectra:data:spectra_inner_erigone_096405_vis_tab::1.0
P,urn:nasa:pds:gbo.ast.primass-l.spectra:data:spectra_inner_erigone_096463_vis_tab::1.0
P,urn:nasa:pds:gbo.ast.primass-l.spectra:data:spectra_inner_erigone_096768_vis_tab::1.0
P,urn:nasa:pds:gbo.ast.primass-l.spectra:data:spectra_inner_erigone_098345_vis_tab::1.0
P,urn:nasa:pds:gbo.ast.primass-l.spectra:data:spectra_inner_erigone_100784_vis_tab::1.0
P,urn:nasa:pds:gbo.ast.primass-l.spectra:data:spectra_inner_erigone_106794_vis_tab::1.0
P,urn:nasa:pds:gbo.ast.primass-l.spectra:data:spectra_inner_erigone_107070_vis_tab::1.0
P,urn:nasa:pds:gbo.ast.primass-l.spectra:data:spectra_inner_erigone_107742_vis_tab::1.0
P,urn:nasa:pds:gbo.ast.primass-l.spectra:data:spectra_inner_erigone_111789_vis_tab::1.0
P,urn:nasa:pds:gbo.ast.primass-l.spectra:data:spectra_inner_erigone_121096_vis_tab::1.0
P,urn:nasa:pds:gbo.ast.primass-l.spectra:data:spectra_inner_erigone_129818_vis_tab::1.0
P,urn:nasa:pds:gbo.ast.primass-l.spectra:data:spectra_inner_erigone_132056_vis_tab::1.0
P,urn:nasa:pds:gbo.ast.primass-l.spectra:data:spectra_inner_erigone_132383_vis_tab::1.0
P,urn:nasa:pds:gbo.ast.primass-l.spectra:data:spectra_inner_erigone_133123_vis_tab::1.0
P,urn:nasa:pds:gbo.ast.primass-l.spectra:data:spectra_inner_erigone_133197_vis_tab::1.0
P,urn:nasa:pds:gbo.ast.primass-l.spectra:data:spectra_inner_erigone_133503_vis_tab::1.0
P,urn:nasa:pds:gbo.ast.primass-l.spectra:data:spectra_inner_erigone_137397_vis_tab::1.0
P,urn:nasa:pds:gbo.ast.primass-l.spectra:data:spectra_inner_erigone_162795_vis_tab::1.0
P,urn:nasa:pds:gbo.ast.primass-l.spectra:data:spectra_inner_erigone_165536_vis_tab::1.0
P,urn:nasa:pds:gbo.ast.primass-l.spectra:data:spectra_inner_erigone_166264_vis_tab::1.0
P,urn:nasa:pds:gbo.ast.primass-l.spectra:data:spectra_inner_erigone_169066_vis_tab::1.0
P,urn:nasa:pds:gbo.ast.primass-l.spectra:data:spectra_inner_erigone_170184_vis_tab::1.0
P,urn:nasa:pds:gbo.ast.primass-l.spectra:data:spectra_inner_erigone_174594_vis_tab::1.0
P,urn:nasa:pds:gbo.ast.primass-l.spectra:data:spectra_inner_erigone_175811_vis_tab::1.0
P,urn:nasa:pds:gbo.ast.primass-l.spectra:data:spectra_inner_erigone_177258_vis_tab::1.0
P,urn:nasa:pds:gbo.ast.primass-l.spectra:data:spectra_inner_erigone_178844_vis_tab::1.0
P,urn:nasa:pds:gbo.ast.primass-l.spectra:data:spectra_inner_erigone_186446_vis_tab::1.0
P,urn:nasa:pds:gbo.ast.primass-l.spectra:data:spectra_inner_erigone_186714_vis_tab::1.0
P,urn:nasa:pds:gbo.ast.primass-l.spectra:data:spectra_inner_erigone_208048_vis_tab::1.0
P,urn:nasa:pds:gbo.ast.primass-l.spectra:data:spectra_inner_erigone_210564_vis_tab::1.0
P,urn:nasa:pds:gbo.ast.primass-l.spectra:data:spectra_inner_erigone_213825_vis_tab::1.0
P,urn:nasa:pds:gbo.ast.primass-l.spectra:data:spectra_inner_erigone_232922_vis_tab::1.0
P,urn:nasa:pds:gbo.ast.primass-l.spectra:data:spectra_inner_erigone_242324_vis_tab::1.0
P,urn:nasa:pds:gbo.ast.primass-l.spectra:data:spectra_inner_erigone_243648_vis_tab::1.0
P,urn:nasa:pds:gbo.ast.primass-l.spectra:data:spectra_inner_erigone_250431_vis_tab::1.0
P,urn:nasa:pds:gbo.ast.primass-l.spectra:data:spectra_inner_erigone_251796_vis_tab::1.0
P,urn:nasa:pds:gbo.ast.primass-l.spectra:data:spectra_inner_erigone_252953_vis_tab::1.0
P,urn:nasa:pds:gbo.ast.primass-l.spectra:data:spectra_inner_erigone_253538_vis_tab::1.0
P,urn:nasa:pds:gbo.ast.primass-l.spectra:data:spectra_inner_erigone_253798_vis_tab::1.0
P,urn:nasa:pds:gbo.ast.primass-l.spectra:data:spectra_inner_erigone_256789_vis_tab::1.0
P,urn:nasa:pds:gbo.ast.primass-l.spectra:data:spectra_inner_erigone_262102_vis_tab::1.0
P,urn:nasa:pds:gbo.ast.primass-l.spectra:data:spectra_inner_erigone_265259_vis_tab::1.0
P,urn:nasa:pds:gbo.ast.primass-l.spectra:data:spectra_inner_klio_000084_vis_tab::1.0
P,urn:nasa:pds:gbo.ast.primass-l.spectra:data:spectra_inner_klio_002794_vis_tab::1.0
P,urn:nasa:pds:gbo.ast.primass-l.spectra:data:spectra_inner_klio_003146_vis_tab::1.0
P,urn:nasa:pds:gbo.ast.primass-l.spectra:data:spectra_inner_klio_004648_vis_tab::1.0
P,urn:nasa:pds:gbo.ast.primass-l.spectra:data:spectra_inner_klio_005327_vis_tab::1.0
P,urn:nasa:pds:gbo.ast.primass-l.spectra:data:spectra_inner_klio_006857_vis_tab::1.0
P,urn:nasa:pds:gbo.ast.primass-l.spectra:data:spectra_inner_klio_007274_vis_tab::1.0
P,urn:nasa:pds:gbo.ast.primass-l.spectra:data:spectra_inner_klio_008032_vis_tab::1.0
P,urn:nasa:pds:gbo.ast.primass-l.spectra:data:spectra_inner_klio_008091_vis_tab::1.0
P,urn:nasa:pds:gbo.ast.primass-l.spectra:data:spectra_inner_klio_009792_vis_tab::1.0
P,urn:nasa:pds:gbo.ast.primass-l.spectra:data:spectra_inner_klio_011214_vis_tab::1.0
P,urn:nasa:pds:gbo.ast.primass-l.spectra:data:spectra_inner_klio_012051_vis_tab::1.0
P,urn:nasa:pds:gbo.ast.primass-l.spectra:data:spectra_inner_klio_014530_vis_tab::1.0
P,urn:nasa:pds:gbo.ast.primass-l.spectra:data:spectra_inner_klio_015202_vis_tab::1.0
P,urn:nasa:pds:gbo.ast.primass-l.spectra:data:spectra_inner_klio_015561_vis_tab::1.0
P,urn:nasa:pds:gbo.ast.primass-l.spectra:data:spectra_inner_klio_017233_vis_tab::1.0
P,urn:nasa:pds:gbo.ast.primass-l.spectra:data:spectra_inner_klio_020432_vis_tab::1.0
P,urn:nasa:pds:gbo.ast.primass-l.spectra:data:spectra_inner_klio_027715_vis_tab::1.0
P,urn:nasa:pds:gbo.ast.primass-l.spectra:data:spectra_inner_klio_032061_vis_tab::1.0
P,urn:nasa:pds:gbo.ast.primass-l.spectra:data:spectra_inner_klio_034857_vis_tab::1.0
P,urn:nasa:pds:gbo.ast.primass-l.spectra:data:spectra_inner_klio_037233_vis_tab::1.0
P,urn:nasa:pds:gbo.ast.primass-l.spectra:data:spectra_inner_klio_042781_vis_tab::1.0
P,urn:nasa:pds:gbo.ast.primass-l.spectra:data:spectra_inner_klio_043346_vis_tab::1.0
P,urn:nasa:pds:gbo.ast.primass-l.spectra:data:spectra_inner_klio_052951_vis_tab::1.0
P,urn:nasa:pds:gbo.ast.primass-l.spectra:data:spectra_inner_klio_055454_vis_tab::1.0
P,urn:nasa:pds:gbo.ast.primass-l.spectra:data:spectra_inner_klio_056600_vis_tab::1.0
P,urn:nasa:pds:gbo.ast.primass-l.spectra:data:spectra_inner_klio_068490_vis_tab::1.0
P,urn:nasa:pds:gbo.ast.primass-l.spectra:data:spectra_inner_klio_080754_vis_tab::1.0
P,urn:nasa:pds:gbo.ast.primass-l.spectra:data:spectra_inner_klio_085167_vis_tab::1.0
P,urn:nasa:pds:gbo.ast.primass-l.spectra:data:spectra_inner_klio_086812_vis_tab::1.0
P,urn:nasa:pds:gbo.ast.primass-l.spectra:data:spectra_inner_polana_000142_vis_tab::1.0
P,urn:nasa:pds:gbo.ast.primass-l.spectra:data:spectra_inner_polana_000495_vis_tab::1.0
P,urn:nasa:pds:gbo.ast.primass-l.spectra:data:spectra_inner_polana_001183_vis_tab::1.0
P,urn:nasa:pds:gbo.ast.primass-l.spectra:data:spectra_inner_polana_001768_vis_tab::1.0
P,urn:nasa:pds:gbo.ast.primass-l.spectra:data:spectra_inner_polana_002081_vis_tab::1.0
P,urn:nasa:pds:gbo.ast.primass-l.spectra:data:spectra_inner_polana_002279_vis_tab::1.0
P,urn:nasa:pds:gbo.ast.primass-l.spectra:data:spectra_inner_polana_003130_vis_tab::1.0
P,urn:nasa:pds:gbo.ast.primass-l.spectra:data:spectra_inner_polana_003185_vis_tab::1.0
P,urn:nasa:pds:gbo.ast.primass-l.spectra:data:spectra_inner_polana_003298_vis_tab::1.0
P,urn:nasa:pds:gbo.ast.primass-l.spectra:data:spectra_inner_polana_003485_vis_tab::1.0
P,urn:nasa:pds:gbo.ast.primass-l.spectra:data:spectra_inner_polana_004173_vis_tab::1.0
P,urn:nasa:pds:gbo.ast.primass-l.spectra:data:spectra_inner_polana_005158_vis_tab::1.0
P,urn:nasa:pds:gbo.ast.primass-l.spectra:data:spectra_inner_polana_006142_vis_tab::1.0
P,urn:nasa:pds:gbo.ast.primass-l.spectra:data:spectra_inner_polana_006578_vis_tab::1.0
P,urn:nasa:pds:gbo.ast.primass-l.spectra:data:spectra_inner_polana_006661_vis_tab::1.0
P,urn:nasa:pds:gbo.ast.primass-l.spectra:data:spectra_inner_polana_006698_1_vis_tab::1.0
P,urn:nasa:pds:gbo.ast.primass-l.spectra:data:spectra_inner_polana_006698_2_vis_tab::1.0
P,urn:nasa:pds:gbo.ast.primass-l.spectra:data:spectra_inner_polana_006769_vis_tab::1.0
P,urn:nasa:pds:gbo.ast.primass-l.spectra:data:spectra_inner_polana_006815_vis_tab::1.0
P,urn:nasa:pds:gbo.ast.primass-l.spectra:data:spectra_inner_polana_006840_vis_tab::1.0
P,urn:nasa:pds:gbo.ast.primass-l.spectra:data:spectra_inner_polana_007078_vis_tab::1.0
P,urn:nasa:pds:gbo.ast.primass-l.spectra:data:spectra_inner_polana_009052_vis_tab::1.0
P,urn:nasa:pds:gbo.ast.primass-l.spectra:data:spectra_inner_polana_010866_vis_tab::1.0
P,urn:nasa:pds:gbo.ast.primass-l.spectra:data:spectra_inner_polana_014849_vis_tab::1.0
P,urn:nasa:pds:gbo.ast.primass-l.spectra:data:spectra_inner_polana_015794_vis_tab::1.0
P,urn:nasa:pds:gbo.ast.primass-l.spectra:data:spectra_inner_polana_020843_vis_tab::1.0
P,urn:nasa:pds:gbo.ast.primass-l.spectra:data:spectra_inner_polana_021176_vis_tab::1.0
P,urn:nasa:pds:gbo.ast.primass-l.spectra:data:spectra_inner_polana_023270_vis_tab::1.0
P,urn:nasa:pds:gbo.ast.primass-l.spectra:data:spectra_inner_polana_024650_vis_tab::1.0
P,urn:nasa:pds:gbo.ast.primass-l.spectra:data:spectra_inner_polana_025490_vis_tab::1.0
P,urn:nasa:pds:gbo.ast.primass-l.spectra:data:spectra_inner_polana_027354_vis_tab::1.0
P,urn:nasa:pds:gbo.ast.primass-l.spectra:data:spectra_inner_polana_029626_vis_tab::1.0
P,urn:nasa:pds:gbo.ast.primass-l.spectra:data:spectra_inner_polana_030043_vis_tab::1.0
P,urn:nasa:pds:gbo.ast.primass-l.spectra:data:spectra_inner_polana_032847_vis_tab::1.0
P,urn:nasa:pds:gbo.ast.primass-l.spectra:data:spectra_inner_polana_033804_vis_tab::1.0
P,urn:nasa:pds:gbo.ast.primass-l.spectra:data:spectra_inner_polana_034326_vis_tab::1.0
P,urn:nasa:pds:gbo.ast.primass-l.spectra:data:spectra_inner_polana_036465_1_vis_tab::1.0
P,urn:nasa:pds:gbo.ast.primass-l.spectra:data:spectra_inner_polana_036465_2_vis_tab::1.0
P,urn:nasa:pds:gbo.ast.primass-l.spectra:data:spectra_inner_polana_036469_vis_tab::1.0
P,urn:nasa:pds:gbo.ast.primass-l.spectra:data:spectra_inner_polana_037354_vis_tab::1.0
P,urn:nasa:pds:gbo.ast.primass-l.spectra:data:spectra_inner_polana_039888_vis_tab::1.0
P,urn:nasa:pds:gbo.ast.primass-l.spectra:data:spectra_inner_polana_041525_vis_tab::1.0
P,urn:nasa:pds:gbo.ast.primass-l.spectra:data:spectra_inner_polana_042006_vis_tab::1.0
P,urn:nasa:pds:gbo.ast.primass-l.spectra:data:spectra_inner_polana_045846_vis_tab::1.0
P,urn:nasa:pds:gbo.ast.primass-l.spectra:data:spectra_inner_polana_049833_vis_tab::1.0
P,urn:nasa:pds:gbo.ast.primass-l.spectra:data:spectra_inner_polana_053170_vis_tab::1.0
P,urn:nasa:pds:gbo.ast.primass-l.spectra:data:spectra_inner_polana_053918_vis_tab::1.0
P,urn:nasa:pds:gbo.ast.primass-l.spectra:data:spectra_inner_polana_057068_vis_tab::1.0
P,urn:nasa:pds:gbo.ast.primass-l.spectra:data:spectra_inner_polana_059317_vis_tab::1.0
P,urn:nasa:pds:gbo.ast.primass-l.spectra:data:spectra_inner_polana_059322_vis_tab::1.0
P,urn:nasa:pds:gbo.ast.primass-l.spectra:data:spectra_inner_polana_059397_vis_tab::1.0
P,urn:nasa:pds:gbo.ast.primass-l.spectra:data:spectra_inner_polana_060571_vis_tab::1.0
P,urn:nasa:pds:gbo.ast.primass-l.spectra:data:spectra_inner_polana_061500_vis_tab::1.0
P,urn:nasa:pds:gbo.ast.primass-l.spectra:data:spectra_inner_polana_061560_vis_tab::1.0
P,urn:nasa:pds:gbo.ast.primass-l.spectra:data:spectra_inner_polana_066333_vis_tab::1.0
P,urn:nasa:pds:gbo.ast.primass-l.spectra:data:spectra_inner_polana_067352_vis_tab::1.0
P,urn:nasa:pds:gbo.ast.primass-l.spectra:data:spectra_inner_polana_080789_vis_tab::1.0
P,urn:nasa:pds:gbo.ast.primass-l.spectra:data:spectra_inner_polana_080993_vis_tab::1.0
P,urn:nasa:pds:gbo.ast.primass-l.spectra:data:spectra_inner_polana_090975_vis_tab::1.0
P,urn:nasa:pds:gbo.ast.primass-l.spectra:data:spectra_inner_polana_093347_vis_tab::1.0
P,urn:nasa:pds:gbo.ast.primass-l.spectra:data:spectra_inner_polana_109030_vis_tab::1.0
P,urn:nasa:pds:gbo.ast.primass-l.spectra:data:spectra_inner_polana_120190_vis_tab::1.0
P,urn:nasa:pds:gbo.ast.primass-l.spectra:data:spectra_inner_polana_120384_vis_tab::1.0
P,urn:nasa:pds:gbo.ast.primass-l.spectra:data:spectra_inner_polana_126046_vis_tab::1.0
P,urn:nasa:pds:gbo.ast.primass-l.spectra:data:spectra_inner_polana_132091_vis_tab::1.0
P,urn:nasa:pds:gbo.ast.primass-l.spectra:data:spectra_inner_polana_147535_vis_tab::1.0
P,urn:nasa:pds:gbo.ast.primass-l.spectra:data:spectra_inner_polana_153694_vis_tab::1.0
P,urn:nasa:pds:gbo.ast.primass-l.spectra:data:spectra_inner_sulamitis_000752_vis_tab::1.0
P,urn:nasa:pds:gbo.ast.primass-l.spectra:data:spectra_inner_sulamitis_001923_vis_tab::1.0
P,urn:nasa:pds:gbo.ast.primass-l.spectra:data:spectra_inner_sulamitis_006806_vis_tab::1.0
P,urn:nasa:pds:gbo.ast.primass-l.spectra:data:spectra_inner_sulamitis_009476_vis_tab::1.0
P,urn:nasa:pds:gbo.ast.primass-l.spectra:data:spectra_inner_sulamitis_010979_vis_tab::1.0
P,urn:nasa:pds:gbo.ast.primass-l.spectra:data:spectra_inner_sulamitis_012072_vis_tab::1.0
P,urn:nasa:pds:gbo.ast.primass-l.spectra:data:spectra_inner_sulamitis_012421_vis_tab::1.0
P,urn:nasa:pds:gbo.ast.primass-l.spectra:data:spectra_inner_sulamitis_013509_vis_tab::1.0
P,urn:nasa:pds:gbo.ast.primass-l.spectra:data:spectra_inner_sulamitis_016090_vis_tab::1.0
P,urn:nasa:pds:gbo.ast.primass-l.spectra:data:spectra_inner_sulamitis_018075_vis_tab::1.0
P,urn:nasa:pds:gbo.ast.primass-l.spectra:data:spectra_inner_sulamitis_024322_vis_tab::1.0
P,urn:nasa:pds:gbo.ast.primass-l.spectra:data:spectra_inner_sulamitis_024726_vis_tab::1.0
P,urn:nasa:pds:gbo.ast.primass-l.spectra:data:spectra_inner_sulamitis_024907_vis_tab::1.0
P,urn:nasa:pds:gbo.ast.primass-l.spectra:data:spectra_inner_sulamitis_025036_vis_tab::1.0
P,urn:nasa:pds:gbo.ast.primass-l.spectra:data:spectra_inner_sulamitis_026394_vis_tab::1.0
P,urn:nasa:pds:gbo.ast.primass-l.spectra:data:spectra_inner_sulamitis_026807_vis_tab::1.0
P,urn:nasa:pds:gbo.ast.primass-l.spectra:data:spectra_inner_sulamitis_027506_vis_tab::1.0
P,urn:nasa:pds:gbo.ast.primass-l.spectra:data:spectra_inner_sulamitis_028894_vis_tab::1.0
P,urn:nasa:pds:gbo.ast.primass-l.spectra:data:spectra_inner_sulamitis_034923_vis_tab::1.0
P,urn:nasa:pds:gbo.ast.primass-l.spectra:data:spectra_inner_sulamitis_039955_vis_tab::1.0
P,urn:nasa:pds:gbo.ast.primass-l.spectra:data:spectra_inner_sulamitis_044773_vis_tab::1.0
P,urn:nasa:pds:gbo.ast.primass-l.spectra:data:spectra_inner_sulamitis_050239_vis_tab::1.0
P,urn:nasa:pds:gbo.ast.primass-l.spectra:data:spectra_inner_sulamitis_053103_vis_tab::1.0
P,urn:nasa:pds:gbo.ast.primass-l.spectra:data:spectra_inner_sulamitis_053537_vis_tab::1.0
P,urn:nasa:pds:gbo.ast.primass-l.spectra:data:spectra_inner_sulamitis_057400_vis_tab::1.0
P,urn:nasa:pds:gbo.ast.primass-l.spectra:data:spectra_inner_sulamitis_057442_vis_tab::1.0
P,urn:nasa:pds:gbo.ast.primass-l.spectra:data:spectra_inner_sulamitis_057473_vis_tab::1.0
P,urn:nasa:pds:gbo.ast.primass-l.spectra:data:spectra_inner_sulamitis_058240_vis_tab::1.0
P,urn:nasa:pds:gbo.ast.primass-l.spectra:data:spectra_inner_sulamitis_059065_vis_tab::1.0
P,urn:nasa:pds:gbo.ast.primass-l.spectra:data:spectra_inner_sulamitis_060852_vis_tab::1.0
P,urn:nasa:pds:gbo.ast.primass-l.spectra:data:spectra_inner_sulamitis_063310_vis_tab::1.0
P,urn:nasa:pds:gbo.ast.primass-l.spectra:data:spectra_inner_sulamitis_066421_vis_tab::1.0
P,urn:nasa:pds:gbo.ast.primass-l.spectra:data:spectra_inner_sulamitis_067586_vis_tab::1.0
P,urn:nasa:pds:gbo.ast.primass-l.spectra:data:spectra_inner_sulamitis_069679_vis_tab::1.0
P,urn:nasa:pds:gbo.ast.primass-l.spectra:data:spectra_inner_sulamitis_070528_vis_tab::1.0
P,urn:nasa:pds:gbo.ast.primass-l.spectra:data:spectra_inner_sulamitis_072169_vis_tab::1.0
P,urn:nasa:pds:gbo.ast.primass-l.spectra:data:spectra_inner_sulamitis_073205_vis_tab::1.0
P,urn:nasa:pds:gbo.ast.primass-l.spectra:data:spectra_inner_sulamitis_077278_vis_tab::1.0
P,urn:nasa:pds:gbo.ast.primass-l.spectra:data:spectra_inner_sulamitis_079143_vis_tab::1.0
P,urn:nasa:pds:gbo.ast.primass-l.spectra:data:spectra_inner_sulamitis_079610_vis_tab::1.0
P,urn:nasa:pds:gbo.ast.primass-l.spectra:data:spectra_inner_sulamitis_081010_vis_tab::1.0
P,urn:nasa:pds:gbo.ast.primass-l.spectra:data:spectra_inner_sulamitis_084211_vis_tab::1.0
P,urn:nasa:pds:gbo.ast.primass-l.spectra:data:spectra_inner_sulamitis_084536_vis_tab::1.0
P,urn:nasa:pds:gbo.ast.primass-l.spectra:data:spectra_inner_sulamitis_096690_vis_tab::1.0
P,urn:nasa:pds:gbo.ast.primass-l.spectra:data:spectra_inner_sulamitis_098391_vis_tab::1.0
P,urn:nasa:pds:gbo.ast.primass-l.spectra:data:spectra_inner_sulamitis_108631_vis_tab::1.0
P,urn:nasa:pds:gbo.ast.primass-l.spectra:data:spectra_inner_sulamitis_109019_vis_tab::1.0
P,urn:nasa:pds:gbo.ast.primass-l.spectra:data:spectra_inner_sulamitis_113374_vis_tab::1.0
P,urn:nasa:pds:gbo.ast.primass-l.spectra:data:spectra_inner_sulamitis_114308_vis_tab::1.0
P,urn:nasa:pds:gbo.ast.primass-l.spectra:data:spectra_inner_sulamitis_116717_vis_tab::1.0
P,urn:nasa:pds:gbo.ast.primass-l.spectra:data:spectra_inner_sulamitis_119526_vis_tab::1.0
P,urn:nasa:pds:gbo.ast.primass-l.spectra:data:spectra_inner_sulamitis_122109_vis_tab::1.0
P,urn:nasa:pds:gbo.ast.primass-l.spectra:data:spectra_inner_sulamitis_122871_vis_tab::1.0
P,urn:nasa:pds:gbo.ast.primass-l.spectra:data:spectra_inner_sulamitis_142297_vis_tab::1.0
P,urn:nasa:pds:gbo.ast.primass-l.spectra:data:spectra_inner_sulamitis_147241_vis_tab::1.0
P,urn:nasa:pds:gbo.ast.primass-l.spectra:data:spectra_inner_sulamitis_147777_vis_tab::1.0
P,urn:nasa:pds:gbo.ast.primass-l.spectra:data:spectra_inner_sulamitis_148658_vis_tab::1.0
P,urn:nasa:pds:gbo.ast.primass-l.spectra:data:spectra_inner_sulamitis_149396_vis_tab::1.0
P,urn:nasa:pds:gbo.ast.primass-l.spectra:data:spectra_inner_sulamitis_151019_vis_tab::1.0
P,urn:nasa:pds:gbo.ast.primass-l.spectra:data:spectra_inner_sulamitis_155162_vis_tab::1.0
P,urn:nasa:pds:gbo.ast.primass-l.spectra:data:spectra_inner_sulamitis_162755_vis_tab::1.0
P,urn:nasa:pds:gbo.ast.primass-l.spectra:data:spectra_inner_sulamitis_164286_vis_tab::1.0
P,urn:nasa:pds:gbo.ast.primass-l.spectra:data:spectra_inner_sulamitis_203141_vis_tab::1.0
P,urn:nasa:pds:gbo.ast.primass-l.spectra:data:spectra_inner_sulamitis_262642_vis_tab::1.0
P,urn:nasa:pds:gbo.ast.primass-l.spectra:data:spectra_inner_svea_000329_vis_tab::1.0
P,urn:nasa:pds:gbo.ast.primass-l.spectra:data:spectra_inner_svea_132352_vis_tab::1.0
P,urn:nasa:pds:gbo.ast.primass-l.spectra:data:spectra_inner_svea_165403_vis_tab::1.0
P,urn:nasa:pds:gbo.ast.primass-l.spectra:data:spectra_inner_svea_173129_vis_tab::1.0
P,urn:nasa:pds:gbo.ast.primass-l.spectra:data:spectra_inner_svea_208039_vis_tab::1.0
P,urn:nasa:pds:gbo.ast.primass-l.spectra:data:spectra_inner_svea_249089_vis_tab::1.0
P,urn:nasa:pds:gbo.ast.primass-l.spectra:data:spectra_inner_svea_362332_vis_tab::1.0
P,urn:nasa:pds:gbo.ast.primass-l.spectra:data:spectra_inner_svea_364204_vis_tab::1.0
P,urn:nasa:pds:gbo.ast.primass-l.spectra:data:spectra_outer_hygiea_001209_vis_tab::1.0
P,urn:nasa:pds:gbo.ast.primass-l.spectra:data:spectra_outer_hygiea_003626_vis_tab::1.0
P,urn:nasa:pds:gbo.ast.primass-l.spectra:data:spectra_outer_hygiea_005116_vis_tab::1.0
P,urn:nasa:pds:gbo.ast.primass-l.spectra:data:spectra_outer_hygiea_005794_vis_tab::1.0
P,urn:nasa:pds:gbo.ast.primass-l.spectra:data:spectra_outer_hygiea_006415_vis_tab::1.0
P,urn:nasa:pds:gbo.ast.primass-l.spectra:data:spectra_outer_hygiea_015134_vis_tab::1.0
P,urn:nasa:pds:gbo.ast.primass-l.spectra:data:spectra_outer_hygiea_023916_vis_tab::1.0
P,urn:nasa:pds:gbo.ast.primass-l.spectra:data:spectra_outer_hygiea_024358_vis_tab::1.0
P,urn:nasa:pds:gbo.ast.primass-l.spectra:data:spectra_outer_hygiea_024956_vis_tab::1.0
P,urn:nasa:pds:gbo.ast.primass-l.spectra:data:spectra_outer_hygiea_025829_vis_tab::1.0
P,urn:nasa:pds:gbo.ast.primass-l.spectra:data:spectra_outer_hygiea_026719_vis_tab::1.0
P,urn:nasa:pds:gbo.ast.primass-l.spectra:data:spectra_outer_lixiaohua_003330_vis_b_tab::1.0
P,urn:nasa:pds:gbo.ast.primass-l.spectra:data:spectra_outer_lixiaohua_003330_vis_r_tab::1.0
P,urn:nasa:pds:gbo.ast.primass-l.spectra:data:spectra_outer_lixiaohua_003556_vis_b_tab::1.0
P,urn:nasa:pds:gbo.ast.primass-l.spectra:data:spectra_outer_lixiaohua_003556_vis_r_tab::1.0
P,urn:nasa:pds:gbo.ast.primass-l.spectra:data:spectra_outer_lixiaohua_005771_vis_b_tab::1.0
P,urn:nasa:pds:gbo.ast.primass-l.spectra:data:spectra_outer_lixiaohua_005771_vis_r_tab::1.0
P,urn:nasa:pds:gbo.ast.primass-l.spectra:data:spectra_outer_lixiaohua_005900_vis_r_tab::1.0
P,urn:nasa:pds:gbo.ast.primass-l.spectra:data:spectra_outer_lixiaohua_017230_vis_b_tab::1.0
P,urn:nasa:pds:gbo.ast.primass-l.spectra:data:spectra_outer_lixiaohua_017230_vis_r_tab::1.0
P,urn:nasa:pds:gbo.ast.primass-l.spectra:data:spectra_outer_lixiaohua_018483_vis_r_tab::1.0
P,urn:nasa:pds:gbo.ast.primass-l.spectra:data:spectra_outer_lixiaohua_025932_vis_b_tab::1.0
P,urn:nasa:pds:gbo.ast.primass-l.spectra:data:spectra_outer_lixiaohua_025932_vis_r_tab::1.0
P,urn:nasa:pds:gbo.ast.primass-l.spectra:data:spectra_outer_lixiaohua_026516_vis_r_tab::1.0
P,urn:nasa:pds:gbo.ast.primass-l.spectra:data:spectra_outer_lixiaohua_034228_vis_r_tab::1.0
P,urn:nasa:pds:gbo.ast.primass-l.spectra:data:spectra_outer_lixiaohua_034339_vis_r_tab::1.0
P,urn:nasa:pds:gbo.ast.primass-l.spectra:data:spectra_outer_lixiaohua_035627_vis_r_tab::1.0
P,urn:nasa:pds:gbo.ast.primass-l.spectra:data:spectra_outer_lixiaohua_039094_vis_r_tab::1.0
P,urn:nasa:pds:gbo.ast.primass-l.spectra:data:spectra_outer_lixiaohua_040976_vis_b_tab::1.0
P,urn:nasa:pds:gbo.ast.primass-l.spectra:data:spectra_outer_lixiaohua_040976_vis_r_tab::1.0
P,urn:nasa:pds:gbo.ast.primass-l.spectra:data:spectra_outer_lixiaohua_042089_vis_r_tab::1.0
P,urn:nasa:pds:gbo.ast.primass-l.spectra:data:spectra_outer_lixiaohua_043152_vis_b_tab::1.0
P,urn:nasa:pds:gbo.ast.primass-l.spectra:data:spectra_outer_lixiaohua_043152_vis_r_tab::1.0
P,urn:nasa:pds:gbo.ast.primass-l.spectra:data:spectra_outer_lixiaohua_044463_vis_b_tab::1.0
P,urn:nasa:pds:gbo.ast.primass-l.spectra:data:spectra_outer_lixiaohua_044463_vis_r_tab::1.0
P,urn:nasa:pds:gbo.ast.primass-l.spectra:data:spectra_outer_lixiaohua_048153_vis_b_tab::1.0
P,urn:nasa:pds:gbo.ast.primass-l.spectra:data:spectra_outer_lixiaohua_054286_vis_r_tab::1.0
P,urn:nasa:pds:gbo.ast.primass-l.spectra:data:spectra_outer_lixiaohua_056970_vis_r_tab::1.0
P,urn:nasa:pds:gbo.ast.primass-l.spectra:data:spectra_outer_lixiaohua_063312_vis_b_tab::1.0
P,urn:nasa:pds:gbo.ast.primass-l.spectra:data:spectra_outer_lixiaohua_063312_vis_r_tab::1.0
P,urn:nasa:pds:gbo.ast.primass-l.spectra:data:spectra_outer_lixiaohua_065264_vis_b_tab::1.0
P,urn:nasa:pds:gbo.ast.primass-l.spectra:data:spectra_outer_lixiaohua_065264_vis_r_tab::1.0
P,urn:nasa:pds:gbo.ast.primass-l.spectra:data:spectra_outer_lixiaohua_066062_vis_r_tab::1.0
P,urn:nasa:pds:gbo.ast.primass-l.spectra:data:spectra_outer_lixiaohua_071655_vis_r_tab::1.0
P,urn:nasa:pds:gbo.ast.primass-l.spectra:data:spectra_outer_lixiaohua_077495_vis_b_tab::1.0
P,urn:nasa:pds:gbo.ast.primass-l.spectra:data:spectra_outer_lixiaohua_077495_vis_r_tab::1.0
P,urn:nasa:pds:gbo.ast.primass-l.spectra:data:spectra_outer_lixiaohua_080062_vis_r_tab::1.0
P,urn:nasa:pds:gbo.ast.primass-l.spectra:data:spectra_outer_lixiaohua_106085_vis_r_tab::1.0
P,urn:nasa:pds:gbo.ast.primass-l.spectra:data:spectra_outer_lixiaohua_107861_vis_b_tab::1.0
P,urn:nasa:pds:gbo.ast.primass-l.spectra:data:spectra_outer_lixiaohua_107861_vis_r_tab::1.0
P,urn:nasa:pds:gbo.ast.primass-l.spectra:data:spectra_outer_lixiaohua_110518_vis_r_tab::1.0
P,urn:nasa:pds:gbo.ast.primass-l.spectra:data:spectra_outer_lixiaohua_110819_vis_b_tab::1.0
P,urn:nasa:pds:gbo.ast.primass-l.spectra:data:spectra_outer_lixiaohua_110819_vis_r_tab::1.0
P,urn:nasa:pds:gbo.ast.primass-l.spectra:data:spectra_outer_lixiaohua_123915_vis_b_tab::1.0
P,urn:nasa:pds:gbo.ast.primass-l.spectra:data:spectra_outer_lixiaohua_123915_vis_r_tab::1.0
P,urn:nasa:pds:gbo.ast.primass-l.spectra:data:spectra_outer_lixiaohua_123979_vis_b_tab::1.0
P,urn:nasa:pds:gbo.ast.primass-l.spectra:data:spectra_outer_lixiaohua_123979_vis_r_tab::1.0
P,urn:nasa:pds:gbo.ast.primass-l.spectra:data:spectra_outer_lixiaohua_135384_vis_b_tab::1.0
P,urn:nasa:pds:gbo.ast.primass-l.spectra:data:spectra_outer_lixiaohua_135384_vis_r_tab::1.0
P,urn:nasa:pds:gbo.ast.primass-l.spectra:data:spectra_outer_lixiaohua_138668_vis_r_tab::1.0
P,urn:nasa:pds:gbo.ast.primass-l.spectra:data:spectra_outer_lixiaohua_156670_vis_b_tab::1.0
P,urn:nasa:pds:gbo.ast.primass-l.spectra:data:spectra_outer_lixiaohua_156670_vis_r_tab::1.0
P,urn:nasa:pds:gbo.ast.primass-l.spectra:data:spectra_outer_lixiaohua_161079_vis_b_tab::1.0
P,urn:nasa:pds:gbo.ast.primass-l.spectra:data:spectra_outer_lixiaohua_161079_vis_r_tab::1.0
P,urn:nasa:pds:gbo.ast.primass-l.spectra:data:spectra_outer_themis_000268_vis_tab::1.0
P,urn:nasa:pds:gbo.ast.primass-l.spectra:data:spectra_outer_themis_000561_vis_tab::1.0
P,urn:nasa:pds:gbo.ast.primass-l.spectra:data:spectra_outer_themis_001674_vis_tab::1.0
P,urn:nasa:pds:gbo.ast.primass-l.spectra:data:spectra_outer_themis_001782_vis_tab::1.0
P,urn:nasa:pds:gbo.ast.primass-l.spectra:data:spectra_outer_themis_002534_vis_tab::1.0
P,urn:nasa:pds:gbo.ast.primass-l.spectra:data:spectra_outer_themis_002563_vis_tab::1.0
P,urn:nasa:pds:gbo.ast.primass-l.spectra:data:spectra_outer_themis_002918_vis_tab::1.0
P,urn:nasa:pds:gbo.ast.primass-l.spectra:data:spectra_outer_themis_005429_vis_tab::1.0
P,urn:nasa:pds:gbo.ast.primass-l.spectra:data:spectra_outer_veritas_005594_vis_tab::1.0
P,urn:nasa:pds:gbo.ast.primass-l.spectra:data:spectra_outer_veritas_006343_vis_tab::1.0
P,urn:nasa:pds:gbo.ast.primass-l.spectra:data:spectra_outer_veritas_006374_vis_tab::1.0
P,urn:nasa:pds:gbo.ast.primass-l.spectra:data:spectra_outer_veritas_007231_vis_tab::1.0
P,urn:nasa:pds:gbo.ast.primass-l.spectra:data:spectra_outer_veritas_009860_vis_tab::1.0
P,urn:nasa:pds:gbo.ast.primass-l.spectra:data:spectra_outer_veritas_013537_vis_tab::1.0
P,urn:nasa:pds:gbo.ast.primass-l.spectra:data:spectra_outer_veritas_014264_vis_tab::1.0
P,urn:nasa:pds:gbo.ast.primass-l.spectra:data:spectra_outer_veritas_024638_vis_tab::1.0
P,urn:nasa:pds:gbo.ast.primass-l.spectra:data:spectra_outer_veritas_045378_vis_tab::1.0
